SERNO,END_INSTANCE,END_CLOCK,START_CLOCK,START_INSTANCE,CDC_TYPE,SYNCHRONIZER,NUMBER_OF_SYNCHRONIZER_FFs,SAFE_CDC,DESCRIPTION
1,main_file_0.module_k_inst.y_1[7:0],priority_encoder_8_3|dout_inferred_clock[3],clkdiv|a1_inferred_clock,main_file_0.p24.delay_done,Different Clock Domains,NO,0,NO,Combinatorial logic detected at clock domain crossing. Sources from different domains in fanin.
2,main_file_0.module_k_inst.y_1[15:8],priority_encoder_8_3|pri_enc_un91_din_inferred_clock,clkdiv|a1_inferred_clock,main_file_0.p24.delay_done,Different Clock Domains,NO,0,NO,Combinatorial logic detected at clock domain crossing. Sources from different domains in fanin.
3,main_file_0.module_k_inst.y_1[23:16],priority_encoder_8_3|dout_inferred_clock[3],clkdiv|a1_inferred_clock,main_file_0.p24.delay_done,Different Clock Domains,NO,0,NO,Combinatorial logic detected at clock domain crossing. Sources from different domains in fanin.
4,main_file_0.spi1.rd_int,clkdiv|a2_inferred_clock,priority_encoder_8_3|dout_inferred_clock[3],main_file_0.module_k_inst.y_1[23:16],Different Clock Domains,NO,0,NO,Combinatorial logic detected at clock domain crossing. Sources from different domains in fanin. Divergence detected in the crossover path. Enable signal for synchonizer registers does not have a safe crossing.
5,main_file_0.spi1.rd_int,clkdiv|a2_inferred_clock,clkdiv|a1_inferred_clock,main_file_0.p1.temp1,Different Clock Domains,NO,0,NO,Combinatorial logic detected at clock domain crossing. Sources from different domains in fanin. Divergence detected in the crossover path. Enable signal for synchonizer registers does not have a safe crossing.
6,main_file_0.spi1.rd_int,clkdiv|a2_inferred_clock,priority_encoder_8_3|pri_enc_un91_din_inferred_clock,main_file_0.module_k_inst.y_1[15:8],Different Clock Domains,NO,0,NO,Combinatorial logic detected at clock domain crossing. Sources from different domains in fanin. Divergence detected in the crossover path. Enable signal for synchonizer registers does not have a safe crossing.
7,main_file_0.spi1.pu_cnt,clkdiv|a2_inferred_clock,priority_encoder_8_3|dout_inferred_clock[3],main_file_0.module_k_inst.y_1[23:16],Different Clock Domains,NO,0,NO,Combinatorial logic detected at clock domain crossing. Sources from different domains in fanin. Divergence detected in the crossover path. Enable signal for synchonizer registers does not have a safe crossing.
8,main_file_0.spi1.pu_cnt,clkdiv|a2_inferred_clock,clkdiv|a1_inferred_clock,main_file_0.p1.temp1,Different Clock Domains,NO,0,NO,Combinatorial logic detected at clock domain crossing. Sources from different domains in fanin. Divergence detected in the crossover path. Enable signal for synchonizer registers does not have a safe crossing.
9,main_file_0.spi1.pu_cnt,clkdiv|a2_inferred_clock,priority_encoder_8_3|pri_enc_un91_din_inferred_clock,main_file_0.module_k_inst.y_1[15:8],Different Clock Domains,NO,0,NO,Combinatorial logic detected at clock domain crossing. Sources from different domains in fanin. Divergence detected in the crossover path. Enable signal for synchonizer registers does not have a safe crossing.
10,main_file_0.spi1.path,clkdiv|a2_inferred_clock,priority_encoder_8_3|dout_inferred_clock[3],main_file_0.module_k_inst.y_1[23:16],Different Clock Domains,NO,0,NO,Combinatorial logic detected at clock domain crossing. Sources from different domains in fanin. Enable signal for synchonizer registers does not have a safe crossing.
11,main_file_0.spi1.path,clkdiv|a2_inferred_clock,clkdiv|a1_inferred_clock,main_file_0.p1.temp1,Different Clock Domains,NO,0,NO,Combinatorial logic detected at clock domain crossing. Sources from different domains in fanin. Enable signal for synchonizer registers does not have a safe crossing.
12,main_file_0.spi1.path,clkdiv|a2_inferred_clock,priority_encoder_8_3|pri_enc_un91_din_inferred_clock,main_file_0.module_k_inst.y_1[15:8],Different Clock Domains,NO,0,NO,Combinatorial logic detected at clock domain crossing. Sources from different domains in fanin. Enable signal for synchonizer registers does not have a safe crossing.
13,main_file_0.spi1.spl,clkdiv|a2_inferred_clock,priority_encoder_8_3|dout_inferred_clock[3],main_file_0.module_k_inst.y_1[23:16],Different Clock Domains,NO,0,NO,Combinatorial logic detected at clock domain crossing. Sources from different domains in fanin. Enable signal for synchonizer registers does not have a safe crossing.
14,main_file_0.spi1.spl,clkdiv|a2_inferred_clock,clkdiv|a1_inferred_clock,main_file_0.p1.temp1,Different Clock Domains,NO,0,NO,Combinatorial logic detected at clock domain crossing. Sources from different domains in fanin. Enable signal for synchonizer registers does not have a safe crossing.
15,main_file_0.spi1.spl,clkdiv|a2_inferred_clock,priority_encoder_8_3|pri_enc_un91_din_inferred_clock,main_file_0.module_k_inst.y_1[15:8],Different Clock Domains,NO,0,NO,Combinatorial logic detected at clock domain crossing. Sources from different domains in fanin. Enable signal for synchonizer registers does not have a safe crossing.
16,main_file_0.spi1.qintcount[5:0],clkdiv|a2_inferred_clock,priority_encoder_8_3|dout_inferred_clock[3],main_file_0.module_k_inst.y_1[23:16],Different Clock Domains,NO,0,NO,Combinatorial logic detected at clock domain crossing. Sources from different domains in fanin.
17,main_file_0.spi1.qintcount[5:0],clkdiv|a2_inferred_clock,clkdiv|a1_inferred_clock,main_file_0.p1.temp1,Different Clock Domains,NO,0,NO,Combinatorial logic detected at clock domain crossing. Sources from different domains in fanin.
18,main_file_0.spi1.qintcount[5:0],clkdiv|a2_inferred_clock,priority_encoder_8_3|pri_enc_un91_din_inferred_clock,main_file_0.module_k_inst.y_1[15:8],Different Clock Domains,NO,0,NO,Combinatorial logic detected at clock domain crossing. Sources from different domains in fanin.
19,main_file_0.spi1.q[9:1],clkdiv|a2_inferred_clock,priority_encoder_8_3|dout_inferred_clock[3],main_file_0.module_k_inst.y_1[23:16],Different Clock Domains,NO,0,NO,Combinatorial logic detected at clock domain crossing. Sources from different domains in fanin.
20,main_file_0.spi1.q[9:1],clkdiv|a2_inferred_clock,clkdiv|a1_inferred_clock,main_file_0.p1.temp1,Different Clock Domains,NO,0,NO,Combinatorial logic detected at clock domain crossing. Sources from different domains in fanin.
21,main_file_0.spi1.q[9:1],clkdiv|a2_inferred_clock,priority_encoder_8_3|pri_enc_un91_din_inferred_clock,main_file_0.module_k_inst.y_1[15:8],Different Clock Domains,NO,0,NO,Combinatorial logic detected at clock domain crossing. Sources from different domains in fanin.
22,main_file_0.spi1.spi0.pq1clk,TOP|RDY,clkdiv|a2_inferred_clock,main_file_0.spi1.spi0.pq1[5:1],Different Clock Domains,NO,0,NO,Combinatorial logic detected at clock domain crossing.
23,main_file_0.spi1.spi0.path_en,TOP|RDY,clkdiv|a2_inferred_clock,main_file_0.spi1.spi0.q_path[4:0],Different Clock Domains,NO,0,NO,Combinatorial logic detected at clock domain crossing.
24,main_file_0.spi1.spi0.rdint_en,TOP|RDY,clkdiv|a2_inferred_clock,main_file_0.spi1.spi0.q_rdint[4:0],Different Clock Domains,NO,0,NO,Combinatorial logic detected at clock domain crossing.
25,main_file_0.spi1.spi0.shreg1[23:0],clkdiv|a2_inferred_clock,priority_encoder_8_3|dout_inferred_clock[3],main_file_0.module_k_inst.y_1[23:16],Different Clock Domains,NO,0,NO,Combinatorial logic detected at clock domain crossing. Sources from different domains in fanin. Enable signal for synchonizer registers does not have a safe crossing.
26,main_file_0.spi1.spi0.shreg1[23:0],clkdiv|a2_inferred_clock,clkdiv|a1_inferred_clock,main_file_0.p1.temp1,Different Clock Domains,NO,0,NO,Combinatorial logic detected at clock domain crossing. Sources from different domains in fanin. Enable signal for synchonizer registers does not have a safe crossing.
27,main_file_0.spi1.spi0.shreg1[23:0],clkdiv|a2_inferred_clock,priority_encoder_8_3|pri_enc_un91_din_inferred_clock,main_file_0.module_k_inst.y_1[15:8],Different Clock Domains,NO,0,NO,Combinatorial logic detected at clock domain crossing. Sources from different domains in fanin. Enable signal for synchonizer registers does not have a safe crossing.
28,main_file_0.spi1.spi0.A10_clk.Q,clkdiv|a2_inferred_clock,TOP|RDY,main_file_0.spi1.spi0.pq1clk,Different Clock Domains,NO,0,NO,Combinatorial logic detected at clock domain crossing.
29,main_file_0.spi1.stop12.input_F1,clkdiv|a2_inferred_clock,priority_encoder_8_3|dout_inferred_clock[3],main_file_0.module_k_inst.y_1[23:16],Different Clock Domains,NO,0,NO,Combinatorial logic detected at clock domain crossing. Sources from different domains in fanin. Divergence detected in the crossover path.
30,main_file_0.spi1.stop12.input_F1,clkdiv|a2_inferred_clock,clkdiv|a1_inferred_clock,main_file_0.p1.temp1,Different Clock Domains,NO,0,NO,Combinatorial logic detected at clock domain crossing. Sources from different domains in fanin. Divergence detected in the crossover path.
31,main_file_0.spi1.stop12.input_F1,clkdiv|a2_inferred_clock,priority_encoder_8_3|pri_enc_un91_din_inferred_clock,main_file_0.module_k_inst.y_1[15:8],Different Clock Domains,NO,0,NO,Combinatorial logic detected at clock domain crossing. Sources from different domains in fanin. Divergence detected in the crossover path.
32,main_file_0.spi1.stop10.input_F1,clkdiv|a2_inferred_clock,priority_encoder_8_3|dout_inferred_clock[3],main_file_0.module_k_inst.y_1[23:16],Different Clock Domains,NO,0,NO,Combinatorial logic detected at clock domain crossing. Sources from different domains in fanin. Divergence detected in the crossover path.
33,main_file_0.spi1.stop10.input_F1,clkdiv|a2_inferred_clock,clkdiv|a1_inferred_clock,main_file_0.p1.temp1,Different Clock Domains,NO,0,NO,Combinatorial logic detected at clock domain crossing. Sources from different domains in fanin. Divergence detected in the crossover path.
34,main_file_0.spi1.stop10.input_F1,clkdiv|a2_inferred_clock,priority_encoder_8_3|pri_enc_un91_din_inferred_clock,main_file_0.module_k_inst.y_1[15:8],Different Clock Domains,NO,0,NO,Combinatorial logic detected at clock domain crossing. Sources from different domains in fanin. Divergence detected in the crossover path.
35,main_file_0.spi1.stop8.input_F1,clkdiv|a2_inferred_clock,priority_encoder_8_3|dout_inferred_clock[3],main_file_0.module_k_inst.y_1[23:16],Different Clock Domains,NO,0,NO,Combinatorial logic detected at clock domain crossing. Sources from different domains in fanin. Divergence detected in the crossover path.
36,main_file_0.spi1.stop8.input_F1,clkdiv|a2_inferred_clock,clkdiv|a1_inferred_clock,main_file_0.p1.temp1,Different Clock Domains,NO,0,NO,Combinatorial logic detected at clock domain crossing. Sources from different domains in fanin. Divergence detected in the crossover path.
37,main_file_0.spi1.stop8.input_F1,clkdiv|a2_inferred_clock,priority_encoder_8_3|pri_enc_un91_din_inferred_clock,main_file_0.module_k_inst.y_1[15:8],Different Clock Domains,NO,0,NO,Combinatorial logic detected at clock domain crossing. Sources from different domains in fanin. Divergence detected in the crossover path.
38,main_file_0.spi1.stop7.input_F1,clkdiv|a2_inferred_clock,priority_encoder_8_3|dout_inferred_clock[3],main_file_0.module_k_inst.y_1[23:16],Different Clock Domains,NO,0,NO,Combinatorial logic detected at clock domain crossing. Sources from different domains in fanin. Divergence detected in the crossover path.
39,main_file_0.spi1.stop7.input_F1,clkdiv|a2_inferred_clock,clkdiv|a1_inferred_clock,main_file_0.p1.temp1,Different Clock Domains,NO,0,NO,Combinatorial logic detected at clock domain crossing. Sources from different domains in fanin. Divergence detected in the crossover path.
40,main_file_0.spi1.stop7.input_F1,clkdiv|a2_inferred_clock,priority_encoder_8_3|pri_enc_un91_din_inferred_clock,main_file_0.module_k_inst.y_1[15:8],Different Clock Domains,NO,0,NO,Combinatorial logic detected at clock domain crossing. Sources from different domains in fanin. Divergence detected in the crossover path.
41,main_file_0.spi1.stop6.input_F1,clkdiv|a2_inferred_clock,priority_encoder_8_3|dout_inferred_clock[3],main_file_0.module_k_inst.y_1[23:16],Different Clock Domains,NO,0,NO,Combinatorial logic detected at clock domain crossing. Sources from different domains in fanin. Divergence detected in the crossover path.
42,main_file_0.spi1.stop6.input_F1,clkdiv|a2_inferred_clock,clkdiv|a1_inferred_clock,main_file_0.p1.temp1,Different Clock Domains,NO,0,NO,Combinatorial logic detected at clock domain crossing. Sources from different domains in fanin. Divergence detected in the crossover path.
43,main_file_0.spi1.stop6.input_F1,clkdiv|a2_inferred_clock,priority_encoder_8_3|pri_enc_un91_din_inferred_clock,main_file_0.module_k_inst.y_1[15:8],Different Clock Domains,NO,0,NO,Combinatorial logic detected at clock domain crossing. Sources from different domains in fanin. Divergence detected in the crossover path.
44,main_file_0.spi1.stop5.input_F1,clkdiv|a2_inferred_clock,priority_encoder_8_3|dout_inferred_clock[3],main_file_0.module_k_inst.y_1[23:16],Different Clock Domains,NO,0,NO,Combinatorial logic detected at clock domain crossing. Sources from different domains in fanin. Divergence detected in the crossover path.
45,main_file_0.spi1.stop5.input_F1,clkdiv|a2_inferred_clock,clkdiv|a1_inferred_clock,main_file_0.p1.temp1,Different Clock Domains,NO,0,NO,Combinatorial logic detected at clock domain crossing. Sources from different domains in fanin. Divergence detected in the crossover path.
46,main_file_0.spi1.stop5.input_F1,clkdiv|a2_inferred_clock,priority_encoder_8_3|pri_enc_un91_din_inferred_clock,main_file_0.module_k_inst.y_1[15:8],Different Clock Domains,NO,0,NO,Combinatorial logic detected at clock domain crossing. Sources from different domains in fanin. Divergence detected in the crossover path.
47,main_file_0.spi1.stop4.input_F1,clkdiv|a2_inferred_clock,priority_encoder_8_3|dout_inferred_clock[3],main_file_0.module_k_inst.y_1[23:16],Different Clock Domains,NO,0,NO,Combinatorial logic detected at clock domain crossing. Sources from different domains in fanin. Divergence detected in the crossover path.
48,main_file_0.spi1.stop4.input_F1,clkdiv|a2_inferred_clock,clkdiv|a1_inferred_clock,main_file_0.p1.temp1,Different Clock Domains,NO,0,NO,Combinatorial logic detected at clock domain crossing. Sources from different domains in fanin. Divergence detected in the crossover path.
49,main_file_0.spi1.stop4.input_F1,clkdiv|a2_inferred_clock,priority_encoder_8_3|pri_enc_un91_din_inferred_clock,main_file_0.module_k_inst.y_1[15:8],Different Clock Domains,NO,0,NO,Combinatorial logic detected at clock domain crossing. Sources from different domains in fanin. Divergence detected in the crossover path.
50,main_file_0.spi1.stop3.input_F1,clkdiv|a2_inferred_clock,priority_encoder_8_3|dout_inferred_clock[3],main_file_0.module_k_inst.y_1[23:16],Different Clock Domains,NO,0,NO,Combinatorial logic detected at clock domain crossing. Sources from different domains in fanin. Divergence detected in the crossover path.
51,main_file_0.spi1.stop3.input_F1,clkdiv|a2_inferred_clock,clkdiv|a1_inferred_clock,main_file_0.p1.temp1,Different Clock Domains,NO,0,NO,Combinatorial logic detected at clock domain crossing. Sources from different domains in fanin. Divergence detected in the crossover path.
52,main_file_0.spi1.stop3.input_F1,clkdiv|a2_inferred_clock,priority_encoder_8_3|pri_enc_un91_din_inferred_clock,main_file_0.module_k_inst.y_1[15:8],Different Clock Domains,NO,0,NO,Combinatorial logic detected at clock domain crossing. Sources from different domains in fanin. Divergence detected in the crossover path.
53,main_file_0.spi1.stop2.input_F1,clkdiv|a2_inferred_clock,priority_encoder_8_3|dout_inferred_clock[3],main_file_0.module_k_inst.y_1[23:16],Different Clock Domains,NO,0,NO,Combinatorial logic detected at clock domain crossing. Sources from different domains in fanin. Divergence detected in the crossover path.
54,main_file_0.spi1.stop2.input_F1,clkdiv|a2_inferred_clock,clkdiv|a1_inferred_clock,main_file_0.p1.temp1,Different Clock Domains,NO,0,NO,Combinatorial logic detected at clock domain crossing. Sources from different domains in fanin. Divergence detected in the crossover path.
55,main_file_0.spi1.stop2.input_F1,clkdiv|a2_inferred_clock,priority_encoder_8_3|pri_enc_un91_din_inferred_clock,main_file_0.module_k_inst.y_1[15:8],Different Clock Domains,NO,0,NO,Combinatorial logic detected at clock domain crossing. Sources from different domains in fanin. Divergence detected in the crossover path.
56,main_file_0.spi1.stop1.input_F1,clkdiv|a2_inferred_clock,priority_encoder_8_3|dout_inferred_clock[3],main_file_0.module_k_inst.y_1[23:16],Different Clock Domains,NO,0,NO,Combinatorial logic detected at clock domain crossing. Sources from different domains in fanin. Divergence detected in the crossover path.
57,main_file_0.spi1.stop1.input_F1,clkdiv|a2_inferred_clock,clkdiv|a1_inferred_clock,main_file_0.p1.temp1,Different Clock Domains,NO,0,NO,Combinatorial logic detected at clock domain crossing. Sources from different domains in fanin. Divergence detected in the crossover path.
58,main_file_0.spi1.stop1.input_F1,clkdiv|a2_inferred_clock,priority_encoder_8_3|pri_enc_un91_din_inferred_clock,main_file_0.module_k_inst.y_1[15:8],Different Clock Domains,NO,0,NO,Combinatorial logic detected at clock domain crossing. Sources from different domains in fanin. Divergence detected in the crossover path.
59,main_file_0.p24.fault_sig,clkdiv|a1_inferred_clock,priority_encoder_8_3|dout_inferred_clock[3],main_file_0.module_k_inst.y_1[7:0],Different Clock Domains,NO,0,NO,Combinatorial logic detected at clock domain crossing. Enable signal for synchonizer registers does not have a safe crossing.
60,main_file_0.p24.delay_done,clkdiv|a1_inferred_clock,priority_encoder_8_3|dout_inferred_clock[3],main_file_0.module_k_inst.y_1[7:0],Different Clock Domains,NO,0,NO,Combinatorial logic detected at clock domain crossing. Enable signal for synchonizer registers does not have a safe crossing.
61,main_file_0.p24.counterValue[6:0],clkdiv|a1_inferred_clock,priority_encoder_8_3|dout_inferred_clock[3],main_file_0.module_k_inst.y_1[7:0],Different Clock Domains,NO,0,NO,Combinatorial logic detected at clock domain crossing.
62,main_file_0.p23.fault_sig,clkdiv|a1_inferred_clock,priority_encoder_8_3|dout_inferred_clock[3],main_file_0.module_k_inst.y_1[7:0],Different Clock Domains,NO,0,NO,Combinatorial logic detected at clock domain crossing. Enable signal for synchonizer registers does not have a safe crossing.
63,main_file_0.p23.delay_done,clkdiv|a1_inferred_clock,priority_encoder_8_3|dout_inferred_clock[3],main_file_0.module_k_inst.y_1[7:0],Different Clock Domains,NO,0,NO,Combinatorial logic detected at clock domain crossing. Enable signal for synchonizer registers does not have a safe crossing.
64,main_file_0.p23.counterValue[6:0],clkdiv|a1_inferred_clock,priority_encoder_8_3|dout_inferred_clock[3],main_file_0.module_k_inst.y_1[7:0],Different Clock Domains,NO,0,NO,Combinatorial logic detected at clock domain crossing.
65,main_file_0.p22.fault_sig,clkdiv|a1_inferred_clock,priority_encoder_8_3|dout_inferred_clock[3],main_file_0.module_k_inst.y_1[7:0],Different Clock Domains,NO,0,NO,Combinatorial logic detected at clock domain crossing. Enable signal for synchonizer registers does not have a safe crossing.
66,main_file_0.p22.delay_done,clkdiv|a1_inferred_clock,priority_encoder_8_3|dout_inferred_clock[3],main_file_0.module_k_inst.y_1[7:0],Different Clock Domains,NO,0,NO,Combinatorial logic detected at clock domain crossing. Enable signal for synchonizer registers does not have a safe crossing.
67,main_file_0.p22.counterValue[6:0],clkdiv|a1_inferred_clock,priority_encoder_8_3|dout_inferred_clock[3],main_file_0.module_k_inst.y_1[7:0],Different Clock Domains,NO,0,NO,Combinatorial logic detected at clock domain crossing.
68,main_file_0.p21.fault_sig,clkdiv|a1_inferred_clock,priority_encoder_8_3|dout_inferred_clock[3],main_file_0.module_k_inst.y_1[7:0],Different Clock Domains,NO,0,NO,Combinatorial logic detected at clock domain crossing. Enable signal for synchonizer registers does not have a safe crossing.
69,main_file_0.p21.delay_done,clkdiv|a1_inferred_clock,priority_encoder_8_3|dout_inferred_clock[3],main_file_0.module_k_inst.y_1[7:0],Different Clock Domains,NO,0,NO,Combinatorial logic detected at clock domain crossing. Enable signal for synchonizer registers does not have a safe crossing.
70,main_file_0.p21.counterValue[6:0],clkdiv|a1_inferred_clock,priority_encoder_8_3|dout_inferred_clock[3],main_file_0.module_k_inst.y_1[7:0],Different Clock Domains,NO,0,NO,Combinatorial logic detected at clock domain crossing.
71,main_file_0.p20.fault_sig,clkdiv|a1_inferred_clock,priority_encoder_8_3|dout_inferred_clock[3],main_file_0.module_k_inst.y_1[7:0],Different Clock Domains,NO,0,NO,Combinatorial logic detected at clock domain crossing. Enable signal for synchonizer registers does not have a safe crossing.
72,main_file_0.p20.delay_done,clkdiv|a1_inferred_clock,priority_encoder_8_3|dout_inferred_clock[3],main_file_0.module_k_inst.y_1[7:0],Different Clock Domains,NO,0,NO,Combinatorial logic detected at clock domain crossing. Enable signal for synchonizer registers does not have a safe crossing.
73,main_file_0.p20.counterValue[6:0],clkdiv|a1_inferred_clock,priority_encoder_8_3|dout_inferred_clock[3],main_file_0.module_k_inst.y_1[7:0],Different Clock Domains,NO,0,NO,Combinatorial logic detected at clock domain crossing.
74,main_file_0.p19.fault_sig,clkdiv|a1_inferred_clock,priority_encoder_8_3|dout_inferred_clock[3],main_file_0.module_k_inst.y_1[7:0],Different Clock Domains,NO,0,NO,Combinatorial logic detected at clock domain crossing. Enable signal for synchonizer registers does not have a safe crossing.
75,main_file_0.p19.delay_done,clkdiv|a1_inferred_clock,priority_encoder_8_3|dout_inferred_clock[3],main_file_0.module_k_inst.y_1[7:0],Different Clock Domains,NO,0,NO,Combinatorial logic detected at clock domain crossing. Enable signal for synchonizer registers does not have a safe crossing.
76,main_file_0.p19.counterValue[6:0],clkdiv|a1_inferred_clock,priority_encoder_8_3|dout_inferred_clock[3],main_file_0.module_k_inst.y_1[7:0],Different Clock Domains,NO,0,NO,Combinatorial logic detected at clock domain crossing.
77,main_file_0.p18.fault_sig,clkdiv|a1_inferred_clock,priority_encoder_8_3|dout_inferred_clock[3],main_file_0.module_k_inst.y_1[7:0],Different Clock Domains,NO,0,NO,Combinatorial logic detected at clock domain crossing. Enable signal for synchonizer registers does not have a safe crossing.
78,main_file_0.p18.delay_done,clkdiv|a1_inferred_clock,priority_encoder_8_3|dout_inferred_clock[3],main_file_0.module_k_inst.y_1[7:0],Different Clock Domains,NO,0,NO,Combinatorial logic detected at clock domain crossing. Enable signal for synchonizer registers does not have a safe crossing.
79,main_file_0.p18.counterValue[6:0],clkdiv|a1_inferred_clock,priority_encoder_8_3|dout_inferred_clock[3],main_file_0.module_k_inst.y_1[7:0],Different Clock Domains,NO,0,NO,Combinatorial logic detected at clock domain crossing.
80,main_file_0.p17.fault_sig,clkdiv|a1_inferred_clock,priority_encoder_8_3|pri_enc_un91_din_inferred_clock,main_file_0.module_k_inst.y_1[15:8],Different Clock Domains,NO,0,NO,Combinatorial logic detected at clock domain crossing. Enable signal for synchonizer registers does not have a safe crossing.
81,main_file_0.p17.delay_done,clkdiv|a1_inferred_clock,priority_encoder_8_3|pri_enc_un91_din_inferred_clock,main_file_0.module_k_inst.y_1[15:8],Different Clock Domains,NO,0,NO,Combinatorial logic detected at clock domain crossing. Enable signal for synchonizer registers does not have a safe crossing.
82,main_file_0.p17.counterValue[6:0],clkdiv|a1_inferred_clock,priority_encoder_8_3|pri_enc_un91_din_inferred_clock,main_file_0.module_k_inst.y_1[15:8],Different Clock Domains,NO,0,NO,Combinatorial logic detected at clock domain crossing.
83,main_file_0.p16.fault_sig,clkdiv|a1_inferred_clock,priority_encoder_8_3|pri_enc_un91_din_inferred_clock,main_file_0.module_k_inst.y_1[15:8],Different Clock Domains,NO,0,NO,Combinatorial logic detected at clock domain crossing. Enable signal for synchonizer registers does not have a safe crossing.
84,main_file_0.p16.delay_done,clkdiv|a1_inferred_clock,priority_encoder_8_3|pri_enc_un91_din_inferred_clock,main_file_0.module_k_inst.y_1[15:8],Different Clock Domains,NO,0,NO,Combinatorial logic detected at clock domain crossing. Enable signal for synchonizer registers does not have a safe crossing.
85,main_file_0.p16.counterValue[6:0],clkdiv|a1_inferred_clock,priority_encoder_8_3|pri_enc_un91_din_inferred_clock,main_file_0.module_k_inst.y_1[15:8],Different Clock Domains,NO,0,NO,Combinatorial logic detected at clock domain crossing.
86,main_file_0.p15.fault_sig,clkdiv|a1_inferred_clock,priority_encoder_8_3|pri_enc_un91_din_inferred_clock,main_file_0.module_k_inst.y_1[15:8],Different Clock Domains,NO,0,NO,Combinatorial logic detected at clock domain crossing. Enable signal for synchonizer registers does not have a safe crossing.
87,main_file_0.p15.delay_done,clkdiv|a1_inferred_clock,priority_encoder_8_3|pri_enc_un91_din_inferred_clock,main_file_0.module_k_inst.y_1[15:8],Different Clock Domains,NO,0,NO,Combinatorial logic detected at clock domain crossing. Enable signal for synchonizer registers does not have a safe crossing.
88,main_file_0.p15.counterValue[6:0],clkdiv|a1_inferred_clock,priority_encoder_8_3|pri_enc_un91_din_inferred_clock,main_file_0.module_k_inst.y_1[15:8],Different Clock Domains,NO,0,NO,Combinatorial logic detected at clock domain crossing.
89,main_file_0.p14.fault_sig,clkdiv|a1_inferred_clock,priority_encoder_8_3|pri_enc_un91_din_inferred_clock,main_file_0.module_k_inst.y_1[15:8],Different Clock Domains,NO,0,NO,Combinatorial logic detected at clock domain crossing. Enable signal for synchonizer registers does not have a safe crossing.
90,main_file_0.p14.delay_done,clkdiv|a1_inferred_clock,priority_encoder_8_3|pri_enc_un91_din_inferred_clock,main_file_0.module_k_inst.y_1[15:8],Different Clock Domains,NO,0,NO,Combinatorial logic detected at clock domain crossing. Enable signal for synchonizer registers does not have a safe crossing.
91,main_file_0.p14.counterValue[6:0],clkdiv|a1_inferred_clock,priority_encoder_8_3|pri_enc_un91_din_inferred_clock,main_file_0.module_k_inst.y_1[15:8],Different Clock Domains,NO,0,NO,Combinatorial logic detected at clock domain crossing.
92,main_file_0.p13.fault_sig,clkdiv|a1_inferred_clock,priority_encoder_8_3|pri_enc_un91_din_inferred_clock,main_file_0.module_k_inst.y_1[15:8],Different Clock Domains,NO,0,NO,Combinatorial logic detected at clock domain crossing. Enable signal for synchonizer registers does not have a safe crossing.
93,main_file_0.p13.delay_done,clkdiv|a1_inferred_clock,priority_encoder_8_3|pri_enc_un91_din_inferred_clock,main_file_0.module_k_inst.y_1[15:8],Different Clock Domains,NO,0,NO,Combinatorial logic detected at clock domain crossing. Enable signal for synchonizer registers does not have a safe crossing.
94,main_file_0.p13.counterValue[6:0],clkdiv|a1_inferred_clock,priority_encoder_8_3|pri_enc_un91_din_inferred_clock,main_file_0.module_k_inst.y_1[15:8],Different Clock Domains,NO,0,NO,Combinatorial logic detected at clock domain crossing.
95,main_file_0.p12.fault_sig,clkdiv|a1_inferred_clock,priority_encoder_8_3|pri_enc_un91_din_inferred_clock,main_file_0.module_k_inst.y_1[15:8],Different Clock Domains,NO,0,NO,Combinatorial logic detected at clock domain crossing. Enable signal for synchonizer registers does not have a safe crossing.
96,main_file_0.p12.delay_done,clkdiv|a1_inferred_clock,priority_encoder_8_3|pri_enc_un91_din_inferred_clock,main_file_0.module_k_inst.y_1[15:8],Different Clock Domains,NO,0,NO,Combinatorial logic detected at clock domain crossing. Enable signal for synchonizer registers does not have a safe crossing.
97,main_file_0.p12.counterValue[6:0],clkdiv|a1_inferred_clock,priority_encoder_8_3|pri_enc_un91_din_inferred_clock,main_file_0.module_k_inst.y_1[15:8],Different Clock Domains,NO,0,NO,Combinatorial logic detected at clock domain crossing.
98,main_file_0.p10.fault_sig,clkdiv|a1_inferred_clock,priority_encoder_8_3|pri_enc_un91_din_inferred_clock,main_file_0.module_k_inst.y_1[15:8],Different Clock Domains,NO,0,NO,Combinatorial logic detected at clock domain crossing. Enable signal for synchonizer registers does not have a safe crossing.
99,main_file_0.p10.delay_done,clkdiv|a1_inferred_clock,priority_encoder_8_3|pri_enc_un91_din_inferred_clock,main_file_0.module_k_inst.y_1[15:8],Different Clock Domains,NO,0,NO,Combinatorial logic detected at clock domain crossing. Enable signal for synchonizer registers does not have a safe crossing.
100,main_file_0.p10.counterValue[6:0],clkdiv|a1_inferred_clock,priority_encoder_8_3|pri_enc_un91_din_inferred_clock,main_file_0.module_k_inst.y_1[15:8],Different Clock Domains,NO,0,NO,Combinatorial logic detected at clock domain crossing.
101,main_file_0.p9.fault_sig,clkdiv|a1_inferred_clock,priority_encoder_8_3|pri_enc_un91_din_inferred_clock,main_file_0.module_k_inst.y_1[15:8],Different Clock Domains,NO,0,NO,Combinatorial logic detected at clock domain crossing. Enable signal for synchonizer registers does not have a safe crossing.
102,main_file_0.p9.delay_done,clkdiv|a1_inferred_clock,priority_encoder_8_3|pri_enc_un91_din_inferred_clock,main_file_0.module_k_inst.y_1[15:8],Different Clock Domains,NO,0,NO,Combinatorial logic detected at clock domain crossing. Enable signal for synchonizer registers does not have a safe crossing.
103,main_file_0.p9.counterValue[6:0],clkdiv|a1_inferred_clock,priority_encoder_8_3|pri_enc_un91_din_inferred_clock,main_file_0.module_k_inst.y_1[15:8],Different Clock Domains,NO,0,NO,Combinatorial logic detected at clock domain crossing.
104,main_file_0.p8.fault_sig,clkdiv|a1_inferred_clock,priority_encoder_8_3|dout_inferred_clock[3],main_file_0.module_k_inst.y_1[23:16],Different Clock Domains,NO,0,NO,Combinatorial logic detected at clock domain crossing. Enable signal for synchonizer registers does not have a safe crossing.
105,main_file_0.p8.delay_done,clkdiv|a1_inferred_clock,priority_encoder_8_3|dout_inferred_clock[3],main_file_0.module_k_inst.y_1[23:16],Different Clock Domains,NO,0,NO,Combinatorial logic detected at clock domain crossing. Enable signal for synchonizer registers does not have a safe crossing.
106,main_file_0.p8.counterValue[6:0],clkdiv|a1_inferred_clock,priority_encoder_8_3|dout_inferred_clock[3],main_file_0.module_k_inst.y_1[23:16],Different Clock Domains,NO,0,NO,Combinatorial logic detected at clock domain crossing.
107,main_file_0.p7.fault_sig,clkdiv|a1_inferred_clock,priority_encoder_8_3|dout_inferred_clock[3],main_file_0.module_k_inst.y_1[23:16],Different Clock Domains,NO,0,NO,Combinatorial logic detected at clock domain crossing. Enable signal for synchonizer registers does not have a safe crossing.
108,main_file_0.p7.delay_done,clkdiv|a1_inferred_clock,priority_encoder_8_3|dout_inferred_clock[3],main_file_0.module_k_inst.y_1[23:16],Different Clock Domains,NO,0,NO,Combinatorial logic detected at clock domain crossing. Enable signal for synchonizer registers does not have a safe crossing.
109,main_file_0.p7.counterValue[6:0],clkdiv|a1_inferred_clock,priority_encoder_8_3|dout_inferred_clock[3],main_file_0.module_k_inst.y_1[23:16],Different Clock Domains,NO,0,NO,Combinatorial logic detected at clock domain crossing.
110,main_file_0.p6.fault_sig,clkdiv|a1_inferred_clock,priority_encoder_8_3|dout_inferred_clock[3],main_file_0.module_k_inst.y_1[23:16],Different Clock Domains,NO,0,NO,Combinatorial logic detected at clock domain crossing. Enable signal for synchonizer registers does not have a safe crossing.
111,main_file_0.p6.delay_done,clkdiv|a1_inferred_clock,priority_encoder_8_3|dout_inferred_clock[3],main_file_0.module_k_inst.y_1[23:16],Different Clock Domains,NO,0,NO,Combinatorial logic detected at clock domain crossing. Enable signal for synchonizer registers does not have a safe crossing.
112,main_file_0.p6.counterValue[6:0],clkdiv|a1_inferred_clock,priority_encoder_8_3|dout_inferred_clock[3],main_file_0.module_k_inst.y_1[23:16],Different Clock Domains,NO,0,NO,Combinatorial logic detected at clock domain crossing.
113,main_file_0.p4.fault_sig,clkdiv|a1_inferred_clock,priority_encoder_8_3|dout_inferred_clock[3],main_file_0.module_k_inst.y_1[23:16],Different Clock Domains,NO,0,NO,Combinatorial logic detected at clock domain crossing. Enable signal for synchonizer registers does not have a safe crossing.
114,main_file_0.p4.delay_done,clkdiv|a1_inferred_clock,priority_encoder_8_3|dout_inferred_clock[3],main_file_0.module_k_inst.y_1[23:16],Different Clock Domains,NO,0,NO,Combinatorial logic detected at clock domain crossing. Enable signal for synchonizer registers does not have a safe crossing.
115,main_file_0.p4.counterValue[6:0],clkdiv|a1_inferred_clock,priority_encoder_8_3|dout_inferred_clock[3],main_file_0.module_k_inst.y_1[23:16],Different Clock Domains,NO,0,NO,Combinatorial logic detected at clock domain crossing.
116,main_file_0.p5.fault_sig,clkdiv|a1_inferred_clock,priority_encoder_8_3|dout_inferred_clock[3],main_file_0.module_k_inst.y_1[23:16],Different Clock Domains,NO,0,NO,Combinatorial logic detected at clock domain crossing. Enable signal for synchonizer registers does not have a safe crossing.
117,main_file_0.p5.delay_done,clkdiv|a1_inferred_clock,priority_encoder_8_3|dout_inferred_clock[3],main_file_0.module_k_inst.y_1[23:16],Different Clock Domains,NO,0,NO,Combinatorial logic detected at clock domain crossing. Enable signal for synchonizer registers does not have a safe crossing.
118,main_file_0.p5.counterValue[6:0],clkdiv|a1_inferred_clock,priority_encoder_8_3|dout_inferred_clock[3],main_file_0.module_k_inst.y_1[23:16],Different Clock Domains,NO,0,NO,Combinatorial logic detected at clock domain crossing.
119,main_file_0.p3.fault_sig,clkdiv|a1_inferred_clock,priority_encoder_8_3|dout_inferred_clock[3],main_file_0.module_k_inst.y_1[23:16],Different Clock Domains,NO,0,NO,Combinatorial logic detected at clock domain crossing. Enable signal for synchonizer registers does not have a safe crossing.
120,main_file_0.p3.delay_done,clkdiv|a1_inferred_clock,priority_encoder_8_3|dout_inferred_clock[3],main_file_0.module_k_inst.y_1[23:16],Different Clock Domains,NO,0,NO,Combinatorial logic detected at clock domain crossing. Enable signal for synchonizer registers does not have a safe crossing.
121,main_file_0.p3.counterValue[6:0],clkdiv|a1_inferred_clock,priority_encoder_8_3|dout_inferred_clock[3],main_file_0.module_k_inst.y_1[23:16],Different Clock Domains,NO,0,NO,Combinatorial logic detected at clock domain crossing.